kota_kabupaten_id,nama,logo
1101,Kabupaten Aceh Selatan,https://upload.wikimedia.org/wikipedia/commons/0/01/Lambang_Kabupaten_Aceh_Selatan.png
1102,Kabupaten Aceh Tenggara,https://upload.wikimedia.org/wikipedia/commons/e/e6/Lambang_Kabupaten_Aceh_Tenggara.png
1103,Kabupaten Aceh Timur,https://upload.wikimedia.org/wikipedia/commons/a/a0/Lambang_Kabupaten_Aceh_Timur.png
1104,Kabupaten Aceh Tengah,https://upload.wikimedia.org/wikipedia/commons/d/d1/Lambang_Kabupaten_Aceh_Tengah.png
1105,Kabupaten Aceh Barat,https://upload.wikimedia.org/wikipedia/commons/0/0c/Seal_of_Aceh_Barat_Regency.svg
1106,Kabupaten Aceh Besar,https://upload.wikimedia.org/wikipedia/commons/c/c8/Lambang_Kabupaten_Aceh_Besar.png
1107,Kabupaten Pidie,https://upload.wikimedia.org/wikipedia/commons/d/dc/Logo_Kabupaten_Pidie.jpg
1108,Kabupaten Aceh Utara,https://upload.wikimedia.org/wikipedia/commons/f/fe/Lambang_kab_acehutara.png
1109,Kabupaten Simeulue,https://upload.wikimedia.org/wikipedia/commons/2/29/LOGO_KABUPATEN_SIMEULUE.png
1110,Kabupaten Aceh Singkil,https://upload.wikimedia.org/wikipedia/commons/7/75/Lambang_Kabupaten_Aceh_Singkil.png
1111,Kabupaten Bireuen,https://upload.wikimedia.org/wikipedia/commons/0/0a/Logo_Bireuen.jpg
1112,Kabupaten Aceh Barat Daya,https://upload.wikimedia.org/wikipedia/commons/e/ea/Lambang_Kabupaten_Aceh_Barat_Daya.png
1113,Kabupaten Gayo Lues,https://upload.wikimedia.org/wikipedia/commons/7/7b/Lambang_Gayo_Lues.png
1114,Kabupaten Aceh Jaya,https://upload.wikimedia.org/wikipedia/commons/a/ac/Coat_of_arms_of_Aceh_Jaya.jpg
1115,Kabupaten Nagan Raya,https://upload.wikimedia.org/wikipedia/commons/e/eb/Lambang_Kabupaten_Nagan_Raya.png
1116,Kabupaten Aceh Tamiang,https://upload.wikimedia.org/wikipedia/commons/3/35/Lambang_Kabupaten_Aceh_Tamiang.png
1117,Kabupaten Bener Meriah,https://upload.wikimedia.org/wikipedia/commons/a/a0/Lambang_Kabupaten_Bener_Meriah.png
1118,Kabupaten Pidie Jaya,https://upload.wikimedia.org/wikipedia/commons/4/42/Lambang_Kabupaten_Pidie_Jaya.png
1171,Kota Banda Aceh,https://upload.wikimedia.org/wikipedia/commons/7/7e/Lambang_Kota_Banda_Aceh.png
1172,Kota Sabang,https://upload.wikimedia.org/wikipedia/commons/7/79/Lambang_Kota_Sabang.png
1173,Kota Lhokseumawe,https://upload.wikimedia.org/wikipedia/commons/6/6a/Lambang_Kota_Lhokseumawe.gif
1174,Kota Langsa,https://upload.wikimedia.org/wikipedia/commons/4/4a/Pemko_langsa.jpg
1175,Kota Subulussalam,https://upload.wikimedia.org/wikipedia/commons/2/27/Lambang_Kota_Subulussalam.png
1201,Kabupaten Tapanuli Tengah,https://upload.wikimedia.org/wikipedia/commons/d/d7/Lambang_Kabupaten_Tapanuli_Tengah.gif
1202,Kabupaten Tapanuli Utara,https://upload.wikimedia.org/wikipedia/commons/1/1c/Logo_Pemkab_Tapanuli_Utara.png
1203,Kabupaten Tapanuli Selatan,https://upload.wikimedia.org/wikipedia/commons/a/a8/Logo-tapselk.png
1204,Kabupaten Nias,https://upload.wikimedia.org/wikipedia/commons/3/39/Logo_kabupaten_nias.png
1205,Kabupaten Langkat,https://upload.wikimedia.org/wikipedia/commons/8/8a/Lambang_Kabupaten_Langkat.gif
1206,Kabupaten Karo,https://upload.wikimedia.org/wikipedia/commons/7/70/Lambang_Kabupaten_Karo.png
1207,Kabupaten Deli Serdang,https://upload.wikimedia.org/wikipedia/commons/5/5a/Lambang_Kabupaten_Deli_Serdang.jpg
1208,Kabupaten Simalungun,https://upload.wikimedia.org/wikipedia/commons/c/c4/Lambang_Kabupaten_Simalungun.png
1209,Kabupaten Asahan,https://upload.wikimedia.org/wikipedia/commons/8/8e/Logo_kabupaten_asahan.gif
1210,Kabupaten Labuhanbatu,https://upload.wikimedia.org/wikipedia/commons/6/66/Lambang_Kabupaten_Labuhanbatu.png
1211,Kabupaten Dairi,https://upload.wikimedia.org/wikipedia/commons/2/2b/Dairi_Regency_Emblem.png
1212,Kabupaten Toba,https://upload.wikimedia.org/wikipedia/commons/3/37/Lambang_Kabupaten_Toba_Samosir.jpeg
1213,Kabupaten Mandailing Natal,https://upload.wikimedia.org/wikipedia/commons/7/70/Mandailing-natal.jpg
1214,Kabupaten Nias Selatan,https://upload.wikimedia.org/wikipedia/commons/8/8d/Logo_Nias_Selatan.JPG
1215,Kabupaten Pakpak Bharat,https://upload.wikimedia.org/wikipedia/commons/2/2e/Lambang_Kabupaten_Pakpak_Bharat.jpg
1216,Kabupaten Humbang Hasundutan,https://upload.wikimedia.org/wikipedia/commons/b/bd/Lambang_Humbang_Hasundutan.png
1217,Kabupaten Samosir,https://upload.wikimedia.org/wikipedia/commons/0/01/Lambang_Kabupaten_Samosir.jpg
1218,Kabupaten Serdang Bedagai,https://upload.wikimedia.org/wikipedia/commons/b/bc/Lambang_Kabupaten_Serdang_Bedagai.png
1219,Kabupaten Batu Bara,https://upload.wikimedia.org/wikipedia/commons/7/7d/Lambang_Kabupaten_Batubara.png
1220,Kabupaten Padang Lawas Utara,https://upload.wikimedia.org/wikipedia/commons/8/88/Lambang_padang_lawas_utara.jpg
1221,Kabupaten Padang Lawas,https://upload.wikimedia.org/wikipedia/commons/4/43/Padang-Lawas-logo.jpg
1222,Kabupaten Labuhanbatu Selatan,https://upload.wikimedia.org/wikipedia/commons/f/f7/Lambang_Kabupaten_Labuhanbatu_Selatan.jpg
1223,Kabupaten Labuhanbatu Utara,https://upload.wikimedia.org/wikipedia/commons/c/cb/Lambang_Labuhanbatu_Utara.jpg
1224,Kabupaten Nias Utara,https://upload.wikimedia.org/wikipedia/commons/e/ee/Lambang_kabupaten_nias_utara.jpg
1225,Kabupaten Nias Barat,https://upload.wikimedia.org/wikipedia/commons/0/08/Lambang_kabupaten_nias_barat.jpg
1271,Kota Medan,https://upload.wikimedia.org/wikipedia/commons/7/7f/Logo_Kota_Medan_%28Seal_of_Medan%29.svg
1272,Kota Pematangsiantar,https://upload.wikimedia.org/wikipedia/commons/2/2b/Logo_kota_pematangsiantar.png
1273,Kota Sibolga,https://upload.wikimedia.org/wikipedia/commons/7/70/Lambang_Kota_Sibolga.png
1274,Kota Tanjungbalai,https://upload.wikimedia.org/wikipedia/commons/6/62/Logo_Kota_Tanjungbalai.jpg
1275,Kota Binjai,https://upload.wikimedia.org/wikipedia/commons/8/8f/Logobinjai.jpg
1276,Kota Tebing Tinggi,https://upload.wikimedia.org/wikipedia/commons/b/be/Tebing_Tinggi_armcoats.png
1277,Kota Padangsidimpuan,https://upload.wikimedia.org/wikipedia/commons/8/8d/Lambang_Kota_Padang_Sidempuan.jpg
1278,Kota Gunungsitoli,https://upload.wikimedia.org/wikipedia/commons/2/29/Gunungsitoli_Logo_Official.png
1301,Kabupaten Pesisir Selatan,https://upload.wikimedia.org/wikipedia/commons/4/49/Coat_of_arms_of_Pesisir_Selatan_Regency.svg
1302,Kabupaten Solok,https://upload.wikimedia.org/wikipedia/commons/5/58/Kotasolok.gif
1303,Kabupaten Sijunjung,https://upload.wikimedia.org/wikipedia/commons/7/78/Coat_of_arms_of_Sijunjung_Regency.svg
1304,Kabupaten Tanah Datar,https://upload.wikimedia.org/wikipedia/commons/1/1a/Lambang_Kabupaten_Tanah_Datar.png
1305,Kabupaten Padang Pariaman,https://upload.wikimedia.org/wikipedia/commons/7/7a/Lambang_Kabupaten_Padang_Pariaman_2.png
1306,Kabupaten Agam,https://upload.wikimedia.org/wikipedia/commons/7/76/Logo_Agam_Regency.PNG
1307,Kabupaten Lima Puluh Kota,https://upload.wikimedia.org/wikipedia/commons/6/6b/Lambang_Kabupaten_Lima_Puluh_Kota.png
1308,Kabupaten Pasaman,https://upload.wikimedia.org/wikipedia/commons/1/1e/Wapen_Pasaman.png
1309,Kabupaten Kepulauan Mentawai,https://upload.wikimedia.org/wikipedia/commons/4/4e/Logo_Mentawai.jpg
1310,Kabupaten Dharmasraya,https://upload.wikimedia.org/wikipedia/commons/f/f9/Lambang_Kabupaten_Dharmasraya.png
1311,Kabupaten Solok Selatan,https://upload.wikimedia.org/wikipedia/commons/5/50/Lambang_Kabupaten_Solok_Selatan.png
1312,Kabupaten Pasaman Barat,https://upload.wikimedia.org/wikipedia/commons/8/82/LOGO_PASAMAN_LAMA.png
1371,Kota Padang,https://upload.wikimedia.org/wikipedia/commons/3/3b/Logo_Padang.svg
1372,Kota Solok,https://upload.wikimedia.org/wikipedia/commons/5/58/Kotasolok.gif
1373,Kota Sawahlunto,https://upload.wikimedia.org/wikipedia/commons/a/ae/Lambang_Kota_Sawahlunto.jpg
1374,Kota Padang Panjang,https://upload.wikimedia.org/wikipedia/commons/b/b6/Logopadangpanjang.png
1375,Kota Bukittinggi,https://upload.wikimedia.org/wikipedia/commons/4/40/Logo_Kota_Bukittinggi.png
1376,Kota Payakumbuh,https://upload.wikimedia.org/wikipedia/commons/4/49/Lambang_Kota_Payakumbuh.png
1377,Kota Pariaman,https://upload.wikimedia.org/wikipedia/commons/d/d6/Lambang_Kota_Pariaman.png
1401,Kabupaten Kampar,https://upload.wikimedia.org/wikipedia/commons/f/f0/Lambang_Kabupaten_Kampar.png
1402,Kabupaten Indragiri Hulu,https://upload.wikimedia.org/wikipedia/commons/9/94/Lambang_Kab_Indragiri_Hulu.png
1403,Kabupaten Bengkalis,https://upload.wikimedia.org/wikipedia/commons/8/88/Lambang_Kabupaten_Bengkalis.png
1404,Kabupaten Indragiri Hilir,https://upload.wikimedia.org/wikipedia/commons/a/a3/Logo_kabupaten_indragiri_hilir.jpg
1405,Kabupaten Pelalawan,https://upload.wikimedia.org/wikipedia/commons/3/34/Pelalawan_logo.png
1406,Kabupaten Rokan Hulu,https://upload.wikimedia.org/wikipedia/commons/e/e4/Rohul.png
1407,Kabupaten Rokan Hilir,https://upload.wikimedia.org/wikipedia/commons/5/5a/Lambang_Kabupaten_Rokan_Hilir.png
1408,Kabupaten Siak,https://upload.wikimedia.org/wikipedia/commons/1/1b/Lambang_Kabupaten_Siak.png
1409,Kabupaten Kuantan Singingi,https://upload.wikimedia.org/wikipedia/commons/2/24/Lambang_Kabupaten_Kuantan_Singingi.PNG
1410,Kabupaten Kepulauan Meranti,https://upload.wikimedia.org/wikipedia/commons/5/52/Lambang_kab_Kepulauan_Meranti.png
1471,Kota Pekanbaru,https://upload.wikimedia.org/wikipedia/commons/0/0a/Pekanbaru_coa.GIF
1472,Kota Dumai,https://upload.wikimedia.org/wikipedia/commons/9/9f/Lambang_Kota_Dumai.png
1501,Kabupaten Kerinci,https://upload.wikimedia.org/wikipedia/commons/1/1c/Kab.Kerinci.svg
1502,Kabupaten Merangin,https://upload.wikimedia.org/wikipedia/commons/5/5a/Logo_Kabupaten_Merangin_%28Tali_Undang_Tambang_Teliti%29.png
1503,Kabupaten Sarolangun,https://upload.wikimedia.org/wikipedia/commons/e/e7/Sarolangun.png
1504,Kabupaten Batanghari,https://upload.wikimedia.org/wikipedia/commons/6/62/Logo_Kabupaten_Batang_Hari_%28Serentak_Bak_Regam%29.png
1505,Kabupaten Muaro Jambi,https://upload.wikimedia.org/wikipedia/commons/4/47/Lambang_Kabupaten_Muaro_Jambi.png
1506,Kabupaten Tanjung Jabung Barat,https://upload.wikimedia.org/wikipedia/commons/d/df/Logo_Kabupaten_Tanjung_Jabung_Barat_%28Serengkuh_Dayung_Serentak_Ketujuan%29.png
1507,Kabupaten Tanjung Jabung Timur,https://upload.wikimedia.org/wikipedia/commons/5/51/Tanjung_Jabung_Logo.png
1508,Kabupaten Bungo,https://upload.wikimedia.org/wikipedia/commons/2/22/Logo_Kabupaten_Bungo_%28Langkah_Serentak_Limbai_Seayun%29.png
1509,Kabupaten Tebo,https://upload.wikimedia.org/wikipedia/commons/f/ff/Logo_Kabupaten_Tebo_%28Serentak_Gajah_Serengkuh_Dayung%29.png
1571,Kota Jambi,https://upload.wikimedia.org/wikipedia/commons/5/58/Lambang_Kota_Jambi.png
1572,Kota Sungai Penuh,https://upload.wikimedia.org/wikipedia/commons/e/e8/Lambang_Kota_Sungai_Penuh.png
1601,Kabupaten Ogan Komering Ulu,https://upload.wikimedia.org/wikipedia/commons/a/a1/Logo_OKU_baru.png
1602,Kabupaten Ogan Komering Ilir,https://upload.wikimedia.org/wikipedia/commons/e/e5/Lambang_Kabupaten_Ogan_Komering_Ilir.jpg
1603,Kabupaten Muara Enim,https://upload.wikimedia.org/wikipedia/commons/0/01/Lambang_Kabupaten_Muara_Enim.gif
1604,Kabupaten Lahat,https://upload.wikimedia.org/wikipedia/commons/3/38/Lambang_Kabupaten_Lahat.jpg
1605,Kabupaten Musi Rawas,https://upload.wikimedia.org/wikipedia/commons/a/a1/Logo_Kabupaten_Musi_Rawas.png
1606,Kabupaten Musi Banyuasin,https://upload.wikimedia.org/wikipedia/commons/4/4b/Lambang_Kabupaten_Musi_Banyuasin.png
1607,Kabupaten Banyuasin,https://upload.wikimedia.org/wikipedia/commons/3/34/Lambang_Kabupaten_Banyuasin.jpg
1608,Kabupaten Ogan Komering Ulu Timur,https://upload.wikimedia.org/wikipedia/commons/3/30/Lambang_Kabupaten_OKU_Timur.png
1609,Kabupaten Ogan Komering Ulu Selatan,https://upload.wikimedia.org/wikipedia/commons/1/1f/Lambang_Kabupaten_OKU_Selatan.JPG
1610,Kabupaten Ogan Ilir,https://upload.wikimedia.org/wikipedia/commons/2/28/Lambang_Kabupaten_Ogan_Ilir.gif
1611,Kabupaten Empat Lawang,https://upload.wikimedia.org/wikipedia/commons/4/4f/Lambang_Empat_Lawang.png
1612,Kabupaten Penukal Abab Lematang Ilir,https://upload.wikimedia.org/wikipedia/commons/5/57/Logo_PALI.jpg
1613,Kabupaten Musi Rawas Utara,https://upload.wikimedia.org/wikipedia/commons/6/65/Musi_Rawas_Utara.png
1671,Kota Palembang,https://upload.wikimedia.org/wikipedia/commons/c/c5/Palembang_CoA.svg
1672,Kota Pagar Alam,https://upload.wikimedia.org/wikipedia/commons/8/88/Lambang_Kota_Pagar_Alam.gif
1673,Kota Lubuk Linggau,https://upload.wikimedia.org/wikipedia/commons/2/25/Lambang_Kota_Lubuklinggau.jpeg
1674,Kota Prabumulih,https://upload.wikimedia.org/wikipedia/commons/d/d9/Lambang_kota_prabumulih.gif
1701,Kabupaten Bengkulu Selatan,https://upload.wikimedia.org/wikipedia/commons/1/1c/Bengkulu_Selatan.png
1702,Kabupaten Rejang Lebong,https://upload.wikimedia.org/wikipedia/commons/0/0c/Rejang_Lebong.png
1703,Kabupaten Bengkulu Utara,https://upload.wikimedia.org/wikipedia/commons/7/77/Logo_Bengkulu_Utara.png
1704,Kabupaten Kaur,https://upload.wikimedia.org/wikipedia/commons/1/18/Kabupaten_Kaur.png
1705,Kabupaten Seluma,https://upload.wikimedia.org/wikipedia/commons/d/d4/Seluma.png
1706,Kabupaten Mukomuko,https://upload.wikimedia.org/wikipedia/commons/5/52/Logo_Mukomuko.png
1707,Kabupaten Lebong,https://upload.wikimedia.org/wikipedia/commons/c/cd/Lebong.png
1708,Kabupaten Kepahiang,https://upload.wikimedia.org/wikipedia/commons/1/19/Logo_Kepahiang.jpg
1709,Kabupaten Bengkulu Tengah,https://upload.wikimedia.org/wikipedia/commons/d/da/Lambang_Kabupaten_Bengkulu_Tengah.png
1771,Kota Bengkulu,https://upload.wikimedia.org/wikipedia/commons/9/98/Kota_Bengkulu.png
1801,Kabupaten Lampung Selatan,https://upload.wikimedia.org/wikipedia/commons/8/86/Logo_Lampung_Selatan_Lama.jpg
1802,Kabupaten Lampung Tengah,https://upload.wikimedia.org/wikipedia/commons/e/e5/LOGO_LAMA_KABUPATEN_LAMPUNG_TENGAH.png
1803,Kabupaten Lampung Utara,https://upload.wikimedia.org/wikipedia/commons/7/76/Lambang_Kabupaten_Lampung_Utara.png
1804,Kabupaten Lampung Barat,https://upload.wikimedia.org/wikipedia/commons/a/aa/Lambang_Kabupaten_Lampung_Barat.jpg
1805,Kabupaten Tulang Bawang,https://upload.wikimedia.org/wikipedia/commons/e/e1/LOGO_KABUPATEN_TULANG_BAWANG.png
1806,Kabupaten Tanggamus,https://upload.wikimedia.org/wikipedia/commons/2/2b/Lambang_Kabupaten_Tanggamus.png
1807,Kabupaten Lampung Timur,https://upload.wikimedia.org/wikipedia/commons/2/27/Lambang_Kabupaten_Lampung_Timur.png
1808,Kabupaten Way Kanan,https://upload.wikimedia.org/wikipedia/commons/d/d7/Lambang_Kabupaten_Way_Kanan.png
1809,Kabupaten Pesawaran,https://upload.wikimedia.org/wikipedia/commons/f/fd/Lambang_Kabupaten_Pesawaran.png
1810,Kabupaten Pringsewu,https://upload.wikimedia.org/wikipedia/commons/2/2e/Lambang_Kabupaten_Pringsewu.png
1811,Kabupaten Mesuji,https://upload.wikimedia.org/wikipedia/commons/4/49/LOGO_KABUPATEN_MESUJI.png
1812,Kabupaten Tulang Bawang Barat,https://upload.wikimedia.org/wikipedia/commons/6/6b/Lambang_Kabupaten_Tulang_Bawang_Barat.png
1813,Kabupaten Pesisir Barat,https://upload.wikimedia.org/wikipedia/commons/2/21/LOGO_KABUPATEN_LAMPUNG_BARAT_LAMA.png
1871,Kota Bandar Lampung,https://upload.wikimedia.org/wikipedia/commons/5/51/LOGO_LAMA_KOTA_BANDARLAMPUNG.png
1872,Kota Metro,https://upload.wikimedia.org/wikipedia/commons/7/71/LOGO_KOTA_METRO.png
1901,Kabupaten Bangka,https://upload.wikimedia.org/wikipedia/commons/b/b2/Lambang_Kabupaten_Bangka.png
1902,Kabupaten Belitung,https://upload.wikimedia.org/wikipedia/commons/4/49/Logo_Belitung.png
1903,Kabupaten Bangka Selatan,https://upload.wikimedia.org/wikipedia/commons/9/96/Lambang_Kabupaten_Bangka_Selatan.png
1904,Kabupaten Bangka Tengah,https://upload.wikimedia.org/wikipedia/commons/1/1b/Lambang_Kabupaten_Bangka_Tengah.png
1905,Kabupaten Bangka Barat,https://upload.wikimedia.org/wikipedia/commons/1/13/Seal_of_Bangka_Barat_Regency.svg
1906,Kabupaten Belitung Timur,https://upload.wikimedia.org/wikipedia/commons/e/ed/Lambang_Kabupaten_Belitung_Timur.jpeg
1971,Kota Pangkal Pinang,https://upload.wikimedia.org/wikipedia/commons/3/30/Pangkalpinang_Old.png
2101,Kabupaten Bintan,https://upload.wikimedia.org/wikipedia/commons/f/f3/Lambang_Kabupaten_Bintan.png
2102,Kabupaten Karimun,https://upload.wikimedia.org/wikipedia/commons/a/aa/Lambang_Kabupaten_Karimun.gif
2103,Kabupaten Natuna,https://upload.wikimedia.org/wikipedia/commons/9/96/Lambang_Kabupaten_Natuna.png
2104,Kabupaten Lingga,https://upload.wikimedia.org/wikipedia/commons/6/66/Lambang_Kabupaten_Lingga.png
2105,Kabupaten Kepulauan Anambas,https://upload.wikimedia.org/wikipedia/commons/0/0e/Lambang_Kabupaten_Kepulauan_Anambas.jpg
2171,Kota Batam,https://upload.wikimedia.org/wikipedia/commons/5/53/Lambang_Kota_Batam.png
2172,Kota Tanjung Pinang,https://upload.wikimedia.org/wikipedia/commons/8/89/Lambang_Kota_Tanjungpinang.png
3101,Kabupaten Administrasi Kepulauan Seribu,https://upload.wikimedia.org/wikipedia/commons/5/56/Lambang_Kabupaten_Administrasi_Kepulauan_Seribu.png
3171,Kota Administrasi Jakarta Pusat,https://upload.wikimedia.org/wikipedia/commons/b/b2/Logo_Jakarta_Pusat.png
3172,Kota Administrasi Jakarta Utara,https://upload.wikimedia.org/wikipedia/commons/3/3d/Lambang_Kota_Administrasi_Jakarta_Utara.png
3173,Kota Administrasi Jakarta Barat,https://upload.wikimedia.org/wikipedia/commons/6/6c/Seal_of_West_Jakarta.jpg
3174,Kota Administrasi Jakarta Selatan,https://upload.wikimedia.org/wikipedia/commons/3/38/Seal_of_South_Jakarta.png
3175,Kota Administrasi Jakarta Timur,https://upload.wikimedia.org/wikipedia/commons/b/b8/Lambang_Kota_Jakarta_Timur.png
3201,Kabupaten Bogor,https://upload.wikimedia.org/wikipedia/commons/6/64/Emblem_of_Bogor.svg
3202,Kabupaten Sukabumi,https://upload.wikimedia.org/wikipedia/commons/2/21/Lambang_Kota_Sukabumi_Vektor.svg
3203,Kabupaten Cianjur,https://upload.wikimedia.org/wikipedia/commons/6/69/Lambang_Kabupaten_Cianjur.svg
3204,Kabupaten Bandung,https://upload.wikimedia.org/wikipedia/commons/e/e8/Lambang_Kota_Bandung.svg
3205,Kabupaten Garut,https://upload.wikimedia.org/wikipedia/commons/d/d4/Lambang_Kabupaten_Garut.svg
3206,Kabupaten Tasikmalaya,https://upload.wikimedia.org/wikipedia/commons/6/6e/Seal_of_the_City_of_Tasikmalaya.svg
3207,Kabupaten Ciamis,https://upload.wikimedia.org/wikipedia/commons/8/86/LAMBANG_KABUPATEN_CIAMIS.svg
3208,Kabupaten Kuningan,https://upload.wikimedia.org/wikipedia/commons/0/04/Seal_of_Kuningan_Regency.svg
3209,Kabupaten Cirebon,https://upload.wikimedia.org/wikipedia/commons/f/fd/Seal_of_the_City_of_Cirebon.svg
3210,Kabupaten Majalengka,https://upload.wikimedia.org/wikipedia/commons/f/f0/Lambang_Kabupaten_Majalengka.svg
3211,Kabupaten Sumedang,https://upload.wikimedia.org/wikipedia/commons/9/91/Coat_of_arms_of_Sumedang_Regency.svg
3212,Kabupaten Indramayu,https://upload.wikimedia.org/wikipedia/commons/b/b8/Seal_of_Indramayu_Regency.svg
3213,Kabupaten Subang,https://upload.wikimedia.org/wikipedia/commons/b/b9/Seal_of_Subang_Regency.svg
3214,Kabupaten Purwakarta,https://upload.wikimedia.org/wikipedia/commons/f/f7/Seal_of_Purwakarta_Regency.svg
3215,Kabupaten Karawang,https://upload.wikimedia.org/wikipedia/commons/9/9d/LAMBANG_KABUPATEN_KARAWANG.svg
3216,Kabupaten Bekasi,https://upload.wikimedia.org/wikipedia/commons/c/c1/Coat_of_arms_of_Bekasi.svg
3217,Kabupaten Bandung Barat,https://upload.wikimedia.org/wikipedia/commons/5/57/Kab_Bandung_Barat.svg
3218,Kabupaten Pangandaran,https://upload.wikimedia.org/wikipedia/commons/9/9e/Logo_Kabupaten_Pangandaran.svg
3271,Kota Bogor,https://upload.wikimedia.org/wikipedia/commons/6/64/Emblem_of_Bogor.svg
3272,Kota Sukabumi,https://upload.wikimedia.org/wikipedia/commons/2/21/Lambang_Kota_Sukabumi_Vektor.svg
3273,Kota Bandung,https://upload.wikimedia.org/wikipedia/commons/e/e8/Lambang_Kota_Bandung.svg
3274,Kota Cirebon,https://upload.wikimedia.org/wikipedia/commons/f/fd/Seal_of_the_City_of_Cirebon.svg
3275,Kota Bekasi,https://upload.wikimedia.org/wikipedia/commons/c/c1/Coat_of_arms_of_Bekasi.svg
3276,Kota Depok,https://upload.wikimedia.org/wikipedia/commons/0/0a/Coat_of_arms_of_Depok_City.svg
3277,Kota Cimahi,https://upload.wikimedia.org/wikipedia/commons/f/f2/Kota_Cimahi.svg
3278,Kota Tasikmalaya,https://upload.wikimedia.org/wikipedia/commons/6/6e/Seal_of_the_City_of_Tasikmalaya.svg
3279,Kota Banjar,https://upload.wikimedia.org/wikipedia/commons/9/94/Coats_of_arms_of_Banjar_Regency.svg
3301,Kabupaten Cilacap,https://upload.wikimedia.org/wikipedia/commons/4/49/Seal_of_Cilacap_Regency.svg
3302,Kabupaten Banyumas,https://upload.wikimedia.org/wikipedia/commons/1/1c/Emblem_of_Banyumas_Regency.svg
3303,Kabupaten Purbalingga,https://upload.wikimedia.org/wikipedia/commons/a/a4/Seal_of_Purbalingga_Regency.svg
3304,Kabupaten Banjarnegara,https://upload.wikimedia.org/wikipedia/commons/f/f3/Seal_of_Banjarnegara_Regency.svg
3305,Kabupaten Kebumen,https://upload.wikimedia.org/wikipedia/commons/0/00/Seal_of_Kebumen_Regency.svg
3306,Kabupaten Purworejo,https://upload.wikimedia.org/wikipedia/commons/a/af/Seal_of_Purworejo_Regency.svg
3307,Kabupaten Wonosobo,https://upload.wikimedia.org/wikipedia/commons/c/cf/Seal_of_Wonosobo_Regency.svg
3308,Kabupaten Magelang,https://upload.wikimedia.org/wikipedia/commons/f/fa/Seal_of_the_City_of_Magelang.svg
3309,Kabupaten Boyolali,https://upload.wikimedia.org/wikipedia/commons/1/1a/Seal_of_Boyolali_Regency.svg
3310,Kabupaten Klaten,https://upload.wikimedia.org/wikipedia/commons/6/63/Seal_of_Klaten_Regency.svg
3311,Kabupaten Sukoharjo,https://upload.wikimedia.org/wikipedia/commons/0/07/Seal_of_Sukoharjo_Regency.svg
3312,Kabupaten Wonogiri,https://upload.wikimedia.org/wikipedia/commons/6/63/Seal_of_Wonogiri_Regency.svg
3313,Kabupaten Karanganyar,https://upload.wikimedia.org/wikipedia/commons/8/85/Seal_of_Karanganyar_Regency.svg
3314,Kabupaten Sragen,https://upload.wikimedia.org/wikipedia/commons/d/d3/Seal_of_Sragen_Regency.svg
3315,Kabupaten Grobogan,https://upload.wikimedia.org/wikipedia/commons/6/6b/Coat_of_arms_of_Grobogan_Regency.svg
3316,Kabupaten Blora,https://upload.wikimedia.org/wikipedia/commons/f/f2/Seal_of_Blora_Regency.svg
3317,Kabupaten Rembang,https://upload.wikimedia.org/wikipedia/commons/d/df/Seal_of_Rembang_Regency.svg
3318,Kabupaten Pati,https://upload.wikimedia.org/wikipedia/commons/c/c8/Seal_of_Pati_Regency.svg
3319,Kabupaten Kudus,https://upload.wikimedia.org/wikipedia/commons/6/60/Seal_of_Kudus_Regency.svg
3320,Kabupaten Jepara,https://upload.wikimedia.org/wikipedia/commons/9/91/Seal_of_Jepara_Regency.svg
3321,Kabupaten Demak,https://upload.wikimedia.org/wikipedia/commons/7/73/Seal_of_Demak_Regency.svg
3322,Kabupaten Semarang,https://upload.wikimedia.org/wikipedia/commons/0/0f/Seal_of_the_City_of_Semarang.svg
3323,Kabupaten Temanggung,https://upload.wikimedia.org/wikipedia/commons/c/c6/Seal_of_Temanggung_Regency.svg
3324,Kabupaten Kendal,https://upload.wikimedia.org/wikipedia/commons/6/6b/LOGO_KABUPATEN_KENDAL_LAMA.png
3325,Kabupaten Batang,https://upload.wikimedia.org/wikipedia/commons/e/eb/Seal_of_Batang_Regency.svg
3326,Kabupaten Pekalongan,https://upload.wikimedia.org/wikipedia/commons/2/2f/Logo_kota_pekalongan.png
3327,Kabupaten Pemalang,https://upload.wikimedia.org/wikipedia/commons/8/8f/Seal_of_Pemalang_Regency.svg
3328,Kabupaten Tegal,https://upload.wikimedia.org/wikipedia/commons/a/a5/Shield_of_the_city_of_Tegal.svg
3329,Kabupaten Brebes,https://upload.wikimedia.org/wikipedia/commons/0/05/Seal_of_Brebes_Regency.svg
3371,Kota Magelang,https://upload.wikimedia.org/wikipedia/commons/f/fa/Seal_of_the_City_of_Magelang.svg
3372,Kota Surakarta,https://upload.wikimedia.org/wikipedia/commons/a/a9/Seal_of_the_City_of_Surakarta.svg
3373,Kota Salatiga,https://upload.wikimedia.org/wikipedia/commons/6/66/Seal_of_the_City_of_Salatiga.svg
3374,Kota Semarang,https://upload.wikimedia.org/wikipedia/commons/0/0f/Seal_of_the_City_of_Semarang.svg
3375,Kota Pekalongan,https://upload.wikimedia.org/wikipedia/commons/2/2f/Logo_kota_pekalongan.png
3376,Kota Tegal,https://upload.wikimedia.org/wikipedia/commons/a/a5/Shield_of_the_city_of_Tegal.svg
3401,Kabupaten Kulon Progo,https://upload.wikimedia.org/wikipedia/commons/c/c8/Kulonprogo_Seal.svg
3402,Kabupaten Bantul,https://upload.wikimedia.org/wikipedia/commons/6/68/Seal_of_Bantul_Regency.svg
3403,Kabupaten Gunungkidul,https://upload.wikimedia.org/wikipedia/commons/4/4c/Seal_of_Gunungkidul_Regency_%282026%29.png
3404,Kabupaten Sleman,https://upload.wikimedia.org/wikipedia/commons/d/d6/Seal_of_Sleman_Regency.svg
3471,Kota Yogyakarta,https://upload.wikimedia.org/wikipedia/commons/6/6a/Seal_of_the_City_of_Yogyakarta.svg
3501,Kabupaten Pacitan,https://upload.wikimedia.org/wikipedia/commons/a/ae/Seal_of_Pacitan_Regency.svg
3502,Kabupaten Ponorogo,https://upload.wikimedia.org/wikipedia/commons/4/48/Seal_of_Ponorogo_Regency.svg
3503,Kabupaten Trenggalek,https://upload.wikimedia.org/wikipedia/commons/4/4e/Seal_of_Trenggalek_Regency.svg
3504,Kabupaten Tulungagung,https://upload.wikimedia.org/wikipedia/commons/3/36/Seal_of_Tulungagung_Regency.svg
3505,Kabupaten Blitar,https://upload.wikimedia.org/wikipedia/commons/7/7c/Seal_of_the_City_of_Blitar.svg
3506,Kabupaten Kediri,https://upload.wikimedia.org/wikipedia/commons/c/c1/Logo_Kota_Kediri_-_Seal_of_Kediri_City.svg
3507,Kabupaten Malang,https://upload.wikimedia.org/wikipedia/commons/c/cf/Seal_of_Malang_City_%28Logo_Kota_Malang%29.svg
3508,Kabupaten Lumajang,https://upload.wikimedia.org/wikipedia/commons/0/01/Seal_of_Lumajang_Regency.svg
3509,Kabupaten Jember,https://upload.wikimedia.org/wikipedia/commons/f/ff/Seal_of_Jember_Regency.svg
3510,Kabupaten Banyuwangi,https://upload.wikimedia.org/wikipedia/commons/a/a5/Banyuwangi_Regency_coat_of_arms.svg
3511,Kabupaten Bondowoso,https://upload.wikimedia.org/wikipedia/commons/f/f7/Seal_of_Bondowoso_Regency.svg
3512,Kabupaten Situbondo,https://upload.wikimedia.org/wikipedia/commons/0/08/Seal_of_Situbondo_Regency.svg
3513,Kabupaten Probolinggo,https://upload.wikimedia.org/wikipedia/commons/b/b6/Coat_of_arms_of_the_City_of_Probolinggo.svg
3514,Kabupaten Pasuruan,https://upload.wikimedia.org/wikipedia/commons/d/dc/Logo_Kota_Pasuruan_-_Seal_of_Pasuruan_City.svg
3515,Kabupaten Sidoarjo,https://upload.wikimedia.org/wikipedia/commons/0/0d/Seal_of_Sidoarjo_Regency.svg
3516,Kabupaten Mojokerto,https://upload.wikimedia.org/wikipedia/commons/9/98/Coat_of_arms_of_the_City_of_Mojokerto.svg
3517,Kabupaten Jombang,https://upload.wikimedia.org/wikipedia/commons/7/74/Seal_of_Jombang_Regency.svg
3518,Kabupaten Nganjuk,https://upload.wikimedia.org/wikipedia/commons/8/81/Seal_of_Nganjuk_Regency.svg
3519,Kabupaten Madiun,https://upload.wikimedia.org/wikipedia/commons/a/aa/Seal_of_the_City_of_Madiun.svg
3520,Kabupaten Magetan,https://upload.wikimedia.org/wikipedia/commons/9/9a/Seal_of_Magetan_Regency.svg
3521,Kabupaten Ngawi,https://upload.wikimedia.org/wikipedia/commons/c/c8/Lambang_Kabupaten_Ngawi_%28svg%29.svg
3522,Kabupaten Bojonegoro,https://upload.wikimedia.org/wikipedia/commons/a/aa/Seal_of_Bojonegoro_Regency.svg
3523,Kabupaten Tuban,https://upload.wikimedia.org/wikipedia/commons/5/57/Coat_of_arms_of_Tuban_Regency.svg
3524,Kabupaten Lamongan,https://upload.wikimedia.org/wikipedia/commons/4/4d/Coat_of_arms_of_Lamongan_Regency.svg
3525,Kabupaten Gresik,https://upload.wikimedia.org/wikipedia/commons/7/72/Seal_of_Gresik_Regency.svg
3526,Kabupaten Bangkalan,https://upload.wikimedia.org/wikipedia/commons/4/4e/Seal_of_Bangkalan_Regency.svg
3527,Kabupaten Sampang,https://upload.wikimedia.org/wikipedia/commons/d/db/Seal_of_Sampang_Regency.svg
3528,Kabupaten Pamekasan,https://upload.wikimedia.org/wikipedia/commons/8/8a/Seal_of_Pamekasan_Regency.svg
3529,Kabupaten Sumenep,https://upload.wikimedia.org/wikipedia/commons/7/7b/Coat_of_arms_of_Sumenep_Regency.svg
3571,Kota Kediri,https://upload.wikimedia.org/wikipedia/commons/c/c1/Logo_Kota_Kediri_-_Seal_of_Kediri_City.svg
3572,Kota Blitar,https://upload.wikimedia.org/wikipedia/commons/7/7c/Seal_of_the_City_of_Blitar.svg
3573,Kota Malang,https://upload.wikimedia.org/wikipedia/commons/c/cf/Seal_of_Malang_City_%28Logo_Kota_Malang%29.svg
3574,Kota Probolinggo,https://upload.wikimedia.org/wikipedia/commons/b/b6/Coat_of_arms_of_the_City_of_Probolinggo.svg
3575,Kota Pasuruan,https://upload.wikimedia.org/wikipedia/commons/d/dc/Logo_Kota_Pasuruan_-_Seal_of_Pasuruan_City.svg
3576,Kota Mojokerto,https://upload.wikimedia.org/wikipedia/commons/9/98/Coat_of_arms_of_the_City_of_Mojokerto.svg
3577,Kota Madiun,https://upload.wikimedia.org/wikipedia/commons/a/aa/Seal_of_the_City_of_Madiun.svg
3578,Kota Surabaya,https://upload.wikimedia.org/wikipedia/commons/b/ba/City_of_Surabaya_Logo.svg
3579,Kota Batu,https://upload.wikimedia.org/wikipedia/commons/8/8a/Logo_Kota_Batu%2C_Jawa_Timur_%28Seal_of_Batu%2C_East_Java%29.svg
3601,Kabupaten Pandeglang,https://upload.wikimedia.org/wikipedia/commons/6/60/Coat_of_arms_of_Pandeglang.svg
3602,Kabupaten Lebak,https://upload.wikimedia.org/wikipedia/commons/7/72/Coat_of_arms_of_Lebak.svg
3603,Kabupaten Tangerang,https://upload.wikimedia.org/wikipedia/commons/b/b5/Seal_of_the_City_of_Tangerang.svg
3604,Kabupaten Serang,https://upload.wikimedia.org/wikipedia/commons/e/e4/Seal_of_the_City_of_Serang.svg
3671,Kota Tangerang,https://upload.wikimedia.org/wikipedia/commons/b/b5/Seal_of_the_City_of_Tangerang.svg
3672,Kota Cilegon,https://upload.wikimedia.org/wikipedia/commons/7/79/Seal_of_the_City_of_Cilegon.svg
3673,Kota Serang,https://upload.wikimedia.org/wikipedia/commons/e/e4/Seal_of_the_City_of_Serang.svg
3674,Kota Tangerang Selatan,https://upload.wikimedia.org/wikipedia/commons/6/6e/Lambang_Kota_Tangerang_Selatan.svg
5101,Kabupaten Jembrana,https://upload.wikimedia.org/wikipedia/commons/8/83/Lambang_Kab_Jembrana.png
5102,Kabupaten Tabanan,https://upload.wikimedia.org/wikipedia/commons/7/7d/Lambang_Kabupaten_Tabanan.png
5103,Kabupaten Badung,https://upload.wikimedia.org/wikipedia/commons/d/d2/Lambang_Kabupaten_Badung.png
5104,Kabupaten Gianyar,https://upload.wikimedia.org/wikipedia/commons/9/9d/Lambang_Gianyar.png
5105,Kabupaten Klungkung,https://upload.wikimedia.org/wikipedia/commons/f/fe/Lambang_Kabupaten_Klungkung.png
5106,Kabupaten Bangli,https://upload.wikimedia.org/wikipedia/commons/3/39/Lambang_Kab_Bangli.png
5107,Kabupaten Karangasem,https://upload.wikimedia.org/wikipedia/commons/3/30/Lambang_Kabupaten_Karangasem.png
5108,Kabupaten Buleleng,https://upload.wikimedia.org/wikipedia/commons/2/23/Lambang_Resmi_Kabupaten_Buleleng.png
5171,Kota Denpasar,https://upload.wikimedia.org/wikipedia/commons/6/65/Lambang_Kota_Denpasar_%281%29.png
5201,Kabupaten Lombok Barat,https://upload.wikimedia.org/wikipedia/commons/5/54/Lambang_Kabupaten_Lombok_Barat.jpeg
5202,Kabupaten Lombok Tengah,https://upload.wikimedia.org/wikipedia/commons/3/3c/Lambang_Kabupaten_Lombok_Tengah.gif
5203,Kabupaten Lombok Timur,https://upload.wikimedia.org/wikipedia/commons/3/36/Lambang_Kabupaten_Lombok_Timur.jpeg
5204,Kabupaten Sumbawa,https://upload.wikimedia.org/wikipedia/commons/b/b2/Lambang_Kabupaten_Sumbawa.png
5205,Kabupaten Dompu,https://upload.wikimedia.org/wikipedia/commons/b/b7/Lambang_Kabupaten_Dompu.gif
5206,Kabupaten Bima,https://upload.wikimedia.org/wikipedia/commons/a/a3/Lambang_Kota_Bima.png
5207,Kabupaten Sumbawa Barat,https://upload.wikimedia.org/wikipedia/commons/f/ff/Lambang_Kabupaten_Sumbawa_Barat.png
5208,Kabupaten Lombok Utara,https://upload.wikimedia.org/wikipedia/commons/8/82/Seal_of_Lombok_Utara_Regency.svg
5271,Kota Mataram,https://upload.wikimedia.org/wikipedia/commons/f/fa/Lambang_Kota_Mataram.png
5272,Kota Bima,https://upload.wikimedia.org/wikipedia/commons/a/a3/Lambang_Kota_Bima.png
5301,Kabupaten Kupang,https://upload.wikimedia.org/wikipedia/commons/c/c2/Lambang_Kota_Kupang.jpg
5302,Kabupaten Timor Tengah Selatan,https://upload.wikimedia.org/wikipedia/commons/d/d5/Lambang_Kabupaten_Timor_Tengah_Selatan.jpg
5303,Kabupaten Timor Tengah Utara,https://upload.wikimedia.org/wikipedia/commons/5/53/Lambang_Kabupaten_Timor_Tengah_Utara.jpg
5304,Kabupaten Belu,https://upload.wikimedia.org/wikipedia/commons/7/79/Lambang_Kabupaten_Belu.jpg
5305,Kabupaten Alor,https://upload.wikimedia.org/wikipedia/commons/0/07/Lambang_Kabupaten_Alor.jpg
5306,Kabupaten Flores Timur,https://upload.wikimedia.org/wikipedia/commons/3/3d/Lambang_Kabupaten_Flores_Timur.jpg
5307,Kabupaten Sikka,https://upload.wikimedia.org/wikipedia/commons/5/54/Lambang_Kabupaten_Sikka.png
5308,Kabupaten Ende,https://upload.wikimedia.org/wikipedia/commons/0/07/Lambang_Kabupaten_Ende.png
5309,Kabupaten Ngada,https://upload.wikimedia.org/wikipedia/commons/c/c4/Lambang_Kabupaten_Ngada.jpg
5310,Kabupaten Manggarai,https://upload.wikimedia.org/wikipedia/commons/3/3f/Lambang_Kabupaten_Manggarai.jpg
5311,Kabupaten Sumba Timur,https://upload.wikimedia.org/wikipedia/commons/e/e5/Lambang_Kabupaten_Sumba_Timur.jpg
5312,Kabupaten Sumba Barat,https://upload.wikimedia.org/wikipedia/commons/e/e4/Lambang_Kabupaten_Sumba_Barat.gif
5313,Kabupaten Lembata,https://upload.wikimedia.org/wikipedia/commons/4/47/Lambang_Kabupaten_Lembata.jpg
5314,Kabupaten Rote Ndao,https://upload.wikimedia.org/wikipedia/commons/a/a7/Lambang_Kabupaten_Rote_Ndao.jpeg
5315,Kabupaten Manggarai Barat,https://upload.wikimedia.org/wikipedia/commons/f/ff/Lambang_Kabupaten_Manggarai_Barat.png
5316,Kabupaten Nagekeo,https://upload.wikimedia.org/wikipedia/commons/1/11/Lambang_Kabupaten_Nagekeo.png
5317,Kabupaten Sumba Tengah,https://upload.wikimedia.org/wikipedia/commons/8/85/Lambang_Kabupaten_Sumba_Tengah.png
5318,Kabupaten Sumba Barat Daya,https://upload.wikimedia.org/wikipedia/commons/b/ba/Lambang_Kabupaten_Sumba_Barat_Daya.jpg
5319,Kabupaten Manggarai Timur,https://upload.wikimedia.org/wikipedia/commons/6/6c/Lambang_Kabupaten_Manggarai_Timur.png
5320,Kabupaten Sabu Raijua,https://upload.wikimedia.org/wikipedia/commons/4/48/Lambang_Kabupaten_Sabu_Raijua.png
5321,Kabupaten Malaka,https://upload.wikimedia.org/wikipedia/commons/d/d4/Lambang_Kabupaten_Malaka.png
5371,Kota Kupang,https://upload.wikimedia.org/wikipedia/commons/c/c2/Lambang_Kota_Kupang.jpg
6101,Kabupaten Sambas,https://upload.wikimedia.org/wikipedia/commons/7/77/Lambang_Kabupaten_Sambas.jpeg
6102,Kabupaten Mempawah,https://upload.wikimedia.org/wikipedia/commons/3/3b/LOGO_KABUPATEN_PONTIANAK.png
6103,Kabupaten Sanggau,https://upload.wikimedia.org/wikipedia/commons/9/9a/Lambang_Kabupaten_Sanggau.tif
6104,Kabupaten Ketapang,https://upload.wikimedia.org/wikipedia/commons/7/7a/Lambang_Kabupaten_Ketapang.jpeg
6105,Kabupaten Sintang,https://upload.wikimedia.org/wikipedia/commons/4/47/Lambang_Kabupaten_Sintang.png
6106,Kabupaten Kapuas Hulu,https://upload.wikimedia.org/wikipedia/commons/5/5f/Lambang_Kabupaten_Kapuas_Hulu.jpg
6107,Kabupaten Bengkayang,https://upload.wikimedia.org/wikipedia/commons/3/37/Lambang_Kabupaten_Bengkayang.webp
6108,Kabupaten Landak,https://upload.wikimedia.org/wikipedia/commons/d/d4/Lambang_Kabupaten_Landak.png
6109,Kabupaten Sekadau,https://upload.wikimedia.org/wikipedia/commons/c/c0/Lambang_Kabupaten_Sekadau.jpg
6110,Kabupaten Melawi,https://upload.wikimedia.org/wikipedia/commons/d/d6/Lambang_Kabupaten_Melawi.png
6111,Kabupaten Kayong Utara,https://upload.wikimedia.org/wikipedia/commons/6/6a/Lambang_Daerah_Kab._Kayong_Utara.png
6112,Kabupaten Kubu Raya,https://upload.wikimedia.org/wikipedia/commons/9/9c/Lambang_Kabupaten_Kubu_Raya.png
6171,Kota Pontianak,https://upload.wikimedia.org/wikipedia/commons/0/02/Seal_of_Pontianak.svg
6172,Kota Singkawang,https://upload.wikimedia.org/wikipedia/commons/a/a1/Lambang_KotaSingkawang.png
6201,Kabupaten Kotawaringin Barat,https://upload.wikimedia.org/wikipedia/commons/4/42/Lambang_Kabupaten_Kotawaringin_Barat.png
6202,Kabupaten Kotawaringin Timur,https://upload.wikimedia.org/wikipedia/commons/f/fd/Lambang_Kabupaten_Kotawaringin_Timur.tif
6203,Kabupaten Kapuas,https://upload.wikimedia.org/wikipedia/commons/7/75/Lambang_Kabupaten_Kapuas.png
6204,Kabupaten Barito Selatan,https://upload.wikimedia.org/wikipedia/commons/6/64/Lambang_Kabupaten_Barito_Selatan.webp
6205,Kabupaten Barito Utara,https://upload.wikimedia.org/wikipedia/commons/5/56/Lambang_Kabupaten_Barito_Utara.png
6206,Kabupaten Katingan,https://upload.wikimedia.org/wikipedia/commons/4/4b/Lambang_Kabupaten_Katingan.png
6207,Kabupaten Seruyan,https://upload.wikimedia.org/wikipedia/commons/0/0a/Lambang_Kabupaten_Seruyan.png
6208,Kabupaten Sukamara,https://upload.wikimedia.org/wikipedia/commons/8/87/Lambang_Kabupaten_Sukamara.png
6209,Kabupaten Lamandau,https://upload.wikimedia.org/wikipedia/commons/6/6d/Lambang_Kabupaten_Lamandau.jpeg
6210,Kabupaten Gunung Mas,https://upload.wikimedia.org/wikipedia/commons/1/1a/Lambang_Kabupaten_Gunung_Mas.tif
6211,Kabupaten Pulang Pisau,https://upload.wikimedia.org/wikipedia/commons/d/de/Lambang_Kabupaten_Pulang_Pisau.webp
6212,Kabupaten Murung Raya,https://upload.wikimedia.org/wikipedia/commons/e/e7/Lambang_Kabupaten_Murung_Raya.jpg
6213,Kabupaten Barito Timur,https://upload.wikimedia.org/wikipedia/commons/d/dd/Lambang_Kabupaten_Barito_Timur.tif
6271,Kota Palangkaraya,https://upload.wikimedia.org/wikipedia/commons/2/2c/Lambang_Kota_Palangka_Raya.gif
6301,Kabupaten Tanah Laut,https://upload.wikimedia.org/wikipedia/commons/e/e6/Lambang_Kabupaten_Tanah_Laut.svg
6302,Kabupaten Kotabaru,https://upload.wikimedia.org/wikipedia/commons/9/9c/Coats_of_arms_of_Kotabaru_Regency.svg
6303,Kabupaten Banjar,https://upload.wikimedia.org/wikipedia/commons/9/94/Coats_of_arms_of_Banjar_Regency.svg
6304,Kabupaten Barito Kuala,https://upload.wikimedia.org/wikipedia/id/b/bc/Lambang_Kabupaten_Barito_Kuala.png
6305,Kabupaten Tapin,https://upload.wikimedia.org/wikipedia/commons/a/a3/Coats_of_arms_of_Tapin_Regency.svg
6306,Kabupaten Hulu Sungai Selatan,https://upload.wikimedia.org/wikipedia/commons/6/6b/Coats_of_arms_of_Hulu_Sungai_Selatan_Regency.svg
6307,Kabupaten Hulu Sungai Tengah,https://upload.wikimedia.org/wikipedia/commons/6/65/Lambang_Kabupaten_Hulu_Sungai_Tengah.png
6308,Kabupaten Hulu Sungai Utara,https://upload.wikimedia.org/wikipedia/commons/d/d9/Lambang_Kabupaten_Hulu_Sungai_Utara.png
6309,Kabupaten Tabalong,https://upload.wikimedia.org/wikipedia/commons/3/32/Lambang_Kabupaten_Tabalong.jpeg
6310,Kabupaten Tanah Bumbu,https://upload.wikimedia.org/wikipedia/commons/7/74/Coats_of_arms_of_Tanah_Bumbu.svg
6311,Kabupaten Balangan,https://upload.wikimedia.org/wikipedia/commons/e/e6/Lambang_Kabupaten_Balangan.png
6371,Kota Banjarmasin,https://upload.wikimedia.org/wikipedia/commons/e/e0/Banjarmasin_Logo.svg
6372,Kota Banjarbaru,https://upload.wikimedia.org/wikipedia/commons/1/10/Lambang_Kota_Banjarbaru.svg
6401,Kabupaten Paser,https://upload.wikimedia.org/wikipedia/commons/9/9d/Lambang_Kabupaten_Paser.tif
6402,Kabupaten Kutai Kartanegara,https://upload.wikimedia.org/wikipedia/commons/1/1e/Logo_Kutai_Lama.png
6403,Kabupaten Berau,https://upload.wikimedia.org/wikipedia/commons/4/48/Coat_of_arms_of_Berau_Regency.svg
6407,Kabupaten Kutai Barat,https://upload.wikimedia.org/wikipedia/commons/7/76/Lambang_Kab_Kutai_Barat.png
6408,Kabupaten Kutai Timur,https://upload.wikimedia.org/wikipedia/commons/3/37/Coat_of_Arms_of_Regency_Kutai_Timur.png
6409,Kabupaten Penajam Paser Utara,https://upload.wikimedia.org/wikipedia/commons/f/fb/Logo_Kabupaten_Penajam_Paser_Utara.png
6411,Kabupaten Mahakam Ulu,https://upload.wikimedia.org/wikipedia/commons/3/3d/Mahakam_Ulu_Old.png
6471,Kota Balikpapan,https://upload.wikimedia.org/wikipedia/commons/2/27/LOGO_MANUNTUNG_-_PEMKOT_BALIKPAPAN.svg
6472,Kota Samarinda,https://upload.wikimedia.org/wikipedia/commons/c/ce/Coats_of_arms_of_Samarinda_City.svg
6474,Kota Bontang,https://upload.wikimedia.org/wikipedia/commons/6/6b/Bontang_City_Vector_Logo.svg
6501,Kabupaten Bulungan,https://upload.wikimedia.org/wikipedia/commons/d/d5/Lambang_Kabupaten_Bulungan.png
6502,Kabupaten Malinau,https://upload.wikimedia.org/wikipedia/commons/2/25/Lambang_Kabupaten_Malinau.jpeg
6503,Kabupaten Nunukan,https://upload.wikimedia.org/wikipedia/commons/e/ec/Lambang_Kabupaten_Nunukan.gif
6504,Kabupaten Tana Tidung,https://upload.wikimedia.org/wikipedia/commons/9/99/Lambang_Kabupaten_Tana_Tidung.jpg
6571,Kota Tarakan,https://upload.wikimedia.org/wikipedia/commons/1/1e/Lambang_Kota_Tarakan.gif
7101,Kabupaten Bolaang Mongondow,https://upload.wikimedia.org/wikipedia/commons/d/d0/Lambang_Kabupaten_Bolaang_Mongondow.png
7102,Kabupaten Minahasa,https://upload.wikimedia.org/wikipedia/commons/0/01/Emblem_of_Minahasa_Regency.png
7103,Kabupaten Kepulauan Sangihe,https://upload.wikimedia.org/wikipedia/commons/e/e8/Lambang_Kabupaten_Kepulauan_Sangihe.jpeg
7104,Kabupaten Kepulauan Talaud,https://upload.wikimedia.org/wikipedia/commons/3/33/Lambang_Kabupaten_Kepulauan_Talaud.tif
7105,Kabupaten Minahasa Selatan,https://upload.wikimedia.org/wikipedia/commons/3/39/Lambang_Kabupaten_Minahasa_Selatan.png
7106,Kabupaten Minahasa Utara,https://upload.wikimedia.org/wikipedia/commons/2/26/Lambang_Kabupaten_Minahasa_Utara.png
7107,Kabupaten Minahasa Tenggara,https://upload.wikimedia.org/wikipedia/commons/2/25/LOGO_MINAHASA_TENGGARA_LAMA.png
7108,Kabupaten Bolaang Mongondow Utara,https://upload.wikimedia.org/wikipedia/commons/5/5f/Lambang_Kabupaten_Bolaang_Mongondow_Utara.png
7109,Kabupaten Kep. Siau Tagulandang Biaro,https://upload.wikimedia.org/wikipedia/commons/d/d5/Lambang_Kabupaten_Kepulauan_Sitaro.tif
7110,Kabupaten Bolaang Mongondow Timur,https://upload.wikimedia.org/wikipedia/commons/0/08/Lambang_Kabupaten_Bolaang_Mongondow_Timur.png
7111,Kabupaten Bolaang Mongondow Selatan,https://upload.wikimedia.org/wikipedia/commons/4/43/Lambang_Kabupaten_Bolaang_Mongondow_Selatan.png
7171,Kota Manado,https://upload.wikimedia.org/wikipedia/commons/e/ef/Lambang_Kota_Manado.png
7172,Kota Bitung,https://upload.wikimedia.org/wikipedia/commons/1/13/LOGO_KOTA_BITUNG_SULAWESI_UTARA.png
7173,Kota Tomohon,https://upload.wikimedia.org/wikipedia/commons/b/b0/Lambang_Kota_Tomohon.png
7174,Kota Kotamobagu,https://upload.wikimedia.org/wikipedia/commons/e/e9/Lambang_Kota_Kotamobagu.png
7201,Kabupaten Banggai,https://upload.wikimedia.org/wikipedia/commons/8/81/Lambang_Kabupaten_Banggai.tif
7202,Kabupaten Poso,https://upload.wikimedia.org/wikipedia/commons/b/b4/Lambang_Kabupaten_Poso.png
7203,Kabupaten Donggala,https://upload.wikimedia.org/wikipedia/commons/e/e5/Lambang_Kabupaten_Donggala_%282015-sekarang%29.png
7204,Kabupaten Toli-Toli,https://upload.wikimedia.org/wikipedia/commons/2/2a/Lambang_Kabupaten_Tolitoli.png
7205,Kabupaten Buol,https://upload.wikimedia.org/wikipedia/commons/7/7f/Coat_of_arms_of_Buol_Regency.png
7206,Kabupaten Morowali,https://upload.wikimedia.org/wikipedia/commons/b/bc/Lambang_Kabupaten_Morowali_%282015-sekarang%29.png
7207,Kabupaten Banggai Kepulauan,https://upload.wikimedia.org/wikipedia/commons/e/ec/Lambang_Kabupaten_Banggai_Kepulauan.tif
7208,Kabupaten Parigi Moutong,https://upload.wikimedia.org/wikipedia/commons/2/2c/Lambang_Kabupaten_Parigi_Moutong.png
7209,Kabupaten Tojo Una Una,https://upload.wikimedia.org/wikipedia/commons/f/fd/Lambang_Kabupaten_Tojo_Una-Una.png
7210,Kabupaten Sigi,https://upload.wikimedia.org/wikipedia/id/5/58/Lambang_Kabupaten_Sigi.png
7211,Kabupaten Banggai Laut,https://upload.wikimedia.org/wikipedia/commons/a/ae/Lambang_Kabupaten_Banggai_Laut.tif
7212,Kabupaten Morowali Utara,https://upload.wikimedia.org/wikipedia/commons/7/70/Lambang_Kabupaten_Morowali_Utara.png
7271,Kota Palu,https://upload.wikimedia.org/wikipedia/commons/5/54/Lambang_Kota_Palu.png
7301,Kabupaten Kepulauan Selayar,https://upload.wikimedia.org/wikipedia/commons/f/fa/Logo_Kabupaten_Kepulauan_Selayar.png
7302,Kabupaten Bulukumba,https://upload.wikimedia.org/wikipedia/commons/5/50/Lambang_Kabupaten_Bulukumba.svg
7303,Kabupaten Bantaeng,https://upload.wikimedia.org/wikipedia/commons/9/91/Bantaeng_Regency_Logo.png
7304,Kabupaten Jeneponto,https://upload.wikimedia.org/wikipedia/commons/6/67/Logo_Jeneponto.png
7305,Kabupaten Takalar,https://upload.wikimedia.org/wikipedia/commons/d/d3/Lambang_Kabupaten_Takalar.png
7306,Kabupaten Gowa,https://upload.wikimedia.org/wikipedia/commons/e/e6/New_Coat_of_Arms_of_Gowa.png
7307,Kabupaten Sinjai,https://upload.wikimedia.org/wikipedia/commons/0/01/Lambang_Kabupaten_Sinjai.png
7308,Kabupaten Bone,https://upload.wikimedia.org/wikipedia/commons/f/f2/Bone_Regency_Logo.png
7309,Kabupaten Maros,https://upload.wikimedia.org/wikipedia/commons/2/2c/Maros_Regency_Official_Logo.png
7310,Kabupaten Pangkajene dan Kepulauan,https://upload.wikimedia.org/wikipedia/commons/2/25/Official_Regency_Logo_of_Pangkajene_dan_Kepulauan.png
7311,Kabupaten Barru,https://upload.wikimedia.org/wikipedia/commons/7/74/Barru_Regency_Logo.png
7312,Kabupaten Soppeng,https://upload.wikimedia.org/wikipedia/commons/8/8e/Official_Logo_of_Soppeng_Regency.png
7313,Kabupaten Wajo,https://upload.wikimedia.org/wikipedia/commons/2/22/Lambang_Kabupaten_Wajo.png
7314,Kabupaten Sidenreng Rappang,https://upload.wikimedia.org/wikipedia/commons/b/b7/Official_Logo_of_Sidenreng_Rappang_Regency.png
7315,Kabupaten Pinrang,https://upload.wikimedia.org/wikipedia/commons/8/86/Official_Logo_of_Pinrang_Regency.png
7316,Kabupaten Enrekang,https://upload.wikimedia.org/wikipedia/commons/c/c9/Lambang_Kabupaten_Enrekang.jpeg
7317,Kabupaten Luwu,https://upload.wikimedia.org/wikipedia/commons/d/dc/Luwu_Regency_Logo.png
7318,Kabupaten Tana Toraja,https://upload.wikimedia.org/wikipedia/commons/5/53/Coat_of_Arms%2C_Tana_Toraja_Regency.png
7322,Kabupaten Luwu Utara,https://upload.wikimedia.org/wikipedia/commons/b/bc/Luwu_Utara_Logo_%28North_Luwu%29.png
7324,Kabupaten Luwu Timur,https://upload.wikimedia.org/wikipedia/commons/9/91/Logo_Kabupaten_Luwu_Timur.png
7326,Kabupaten Toraja Utara,https://upload.wikimedia.org/wikipedia/commons/b/bf/Coat_of_Arms_of_Toraja_Utara_Regency.png
7371,Kota Makassar,https://upload.wikimedia.org/wikipedia/commons/9/95/Coat_of_Arms_of_City_Makassar.png
7372,Kota Parepare,https://upload.wikimedia.org/wikipedia/commons/5/57/Lambang_Kota_Parepare_%282012%29.png
7373,Kota Palopo,https://upload.wikimedia.org/wikipedia/commons/4/49/Lambang_Kota_Palopo.png
7401,Kabupaten Kolaka,https://upload.wikimedia.org/wikipedia/commons/2/21/Lambang_Kab_Kolaka.png
7402,Kabupaten Konawe,https://upload.wikimedia.org/wikipedia/commons/2/2f/Lambang_Kabupaten_Konawe.png
7403,Kabupaten Muna,https://upload.wikimedia.org/wikipedia/commons/3/31/Lambang_Kabupaten_Muna.png
7404,Kabupaten Buton,https://upload.wikimedia.org/wikipedia/commons/5/57/Lambang_Kabupaten_Buton.png
7405,Kabupaten Konawe Selatan,https://upload.wikimedia.org/wikipedia/commons/f/f0/Lambang_Kabupaten_Konawe_Selatan.png
7406,Kabupaten Bombana,https://upload.wikimedia.org/wikipedia/commons/3/34/Lambang_Kabupaten_Bombana.png
7407,Kabupaten Wakatobi,https://upload.wikimedia.org/wikipedia/commons/6/6a/Lambang_Kabupaten_Wakatobi.png
7408,Kabupaten Kolaka Utara,https://upload.wikimedia.org/wikipedia/commons/0/04/Lambang_Kabupaten_Kolaka_Utara.svg
7409,Kabupaten Konawe Utara,https://upload.wikimedia.org/wikipedia/commons/b/bf/Logo_konawe_utara.jpg
7410,Kabupaten Buton Utara,https://upload.wikimedia.org/wikipedia/commons/0/0d/Lambang_Kabupaten_Buton_Utara.jpg
7411,Kabupaten Kolaka Timur,https://upload.wikimedia.org/wikipedia/commons/6/6a/Lambang_Kabupaten_Kolaka_Timur.jpeg
7412,Kabupaten Konawe Kepulauan,https://upload.wikimedia.org/wikipedia/commons/d/d9/Lambang_Kabupaten_Konawe_Kepulauan.png
7413,Kabupaten Muna Barat,https://upload.wikimedia.org/wikipedia/commons/f/f4/LOGO_KABUPATEN_MUNA_LAMA.png
7414,Kabupaten Buton Tengah,https://upload.wikimedia.org/wikipedia/commons/5/52/Lambang_Kabupaten_Buton_Tengah.tif
7415,Kabupaten Buton Selatan,https://upload.wikimedia.org/wikipedia/commons/8/81/Lambang_Kabupaten_Buton_Selatan.png
7471,Kota Kendari,https://upload.wikimedia.org/wikipedia/id/b/b6/Lambang_Kabupaten_Kendari.png
7472,Kota Bau Bau,https://upload.wikimedia.org/wikipedia/commons/5/55/Lambang_Kota_Bau-Bau.png
7501,Kabupaten Gorontalo,https://upload.wikimedia.org/wikipedia/commons/0/0c/LOGO_KOTA_GORONTALO.png
7502,Kabupaten Boalemo,https://upload.wikimedia.org/wikipedia/commons/6/6b/Lambang_Kabupaten_Boalemo.jpg
7503,Kabupaten Bone Bolango,https://upload.wikimedia.org/wikipedia/commons/2/2d/Logo_Kabupaten_Bone_Bolango.jpg
7504,Kabupaten Pohuwato,https://upload.wikimedia.org/wikipedia/commons/e/e4/Logo_kabupaten_pohuwato.jpg
7505,Kabupaten Gorontalo Utara,https://upload.wikimedia.org/wikipedia/commons/c/c8/Kabupaten_Gorontalo_Utara.jpg
7571,Kota Gorontalo,https://upload.wikimedia.org/wikipedia/commons/0/0c/LOGO_KOTA_GORONTALO.png
7601,Kabupaten Pasangkayu,https://upload.wikimedia.org/wikipedia/commons/6/6d/Kabupaten_Pasangkayu.png
7602,Kabupaten Mamuju,https://upload.wikimedia.org/wikipedia/commons/a/a7/Lambang_Kabupaten_Mamuju.jpg
7603,Kabupaten Mamasa,https://upload.wikimedia.org/wikipedia/commons/0/06/Lambang_Kabupaten_Mamasa.jpg
7604,Kabupaten Polewali Mandar,https://upload.wikimedia.org/wikipedia/commons/9/9b/Lambang_Kabupaten_Polewali_Mandar.png
7605,Kabupaten Majene,https://upload.wikimedia.org/wikipedia/commons/0/06/Lambang_Kabupaten_Majene.png
7606,Kabupaten Mamuju Tengah,https://upload.wikimedia.org/wikipedia/commons/6/69/Lambang_Kabupaten_Mamuju_Tengah.jpg
8101,Kabupaten Maluku Tengah,https://upload.wikimedia.org/wikipedia/commons/3/3d/Lambang_Kabupaten_Maluku_Tengah.png
8102,Kabupaten Maluku Tenggara,https://upload.wikimedia.org/wikipedia/commons/6/67/Lambang_Kabupaten_Maluku_Tenggara.gif
8103,Kabupaten Kepulauan Tanimbar,https://upload.wikimedia.org/wikipedia/commons/c/ca/Lambang_Kabupaten_Maluku_Tenggara_Barat_Lama.jpg
8104,Kabupaten Buru,https://upload.wikimedia.org/wikipedia/commons/e/eb/Lambang_Kabupaten_Buru.jpeg
8105,Kabupaten Seram Bagian Timur,https://upload.wikimedia.org/wikipedia/commons/0/04/Lambang_Kabupaten_Seram_Bagian_Timur.png
8106,Kabupaten Seram Bagian Barat,https://upload.wikimedia.org/wikipedia/commons/9/91/Lambang_Kabupaten_Seram_Bagian_Barat.gif
8107,Kabupaten Kepulauan Aru,https://upload.wikimedia.org/wikipedia/commons/8/81/Lambang_Kabupaten_Kepulauan_Aru.jpg
8108,Kabupaten Maluku Barat Daya,https://upload.wikimedia.org/wikipedia/commons/7/7d/Lambang_Kabupaten_Maluku_Barat_Daya.png
8109,Kabupaten Buru Selatan,https://upload.wikimedia.org/wikipedia/commons/7/74/Lambang_Kabupaten_Buru_Selatan.png
8171,Kota Ambon,https://upload.wikimedia.org/wikipedia/commons/c/c0/Lambang_Ambon.png
8172,Kota Tual,https://upload.wikimedia.org/wikipedia/commons/8/83/Lambang_Kota_Tual.png
8201,Kabupaten Halmahera Barat,https://upload.wikimedia.org/wikipedia/commons/4/48/Lambang_Kabupaten_Halmahera_Barat.png
8202,Kabupaten Halmahera Tengah,https://upload.wikimedia.org/wikipedia/commons/0/0b/Lambang_Kabupaten_Halmahera_Tengah.png
8203,Kabupaten Halmahera Utara,https://upload.wikimedia.org/wikipedia/commons/9/94/Lambang_Kabupaten_Halmahera_Utara.png
8204,Kabupaten Halmahera Selatan,https://upload.wikimedia.org/wikipedia/commons/a/ae/Lambang_Kabupaten_Halmahera_Selatan.jpeg
8205,Kabupaten Kepulauan Sula,https://upload.wikimedia.org/wikipedia/commons/a/a8/Lambang_Kabupaten_Kepulauan_Sula.png
8206,Kabupaten Halmahera Timur,https://upload.wikimedia.org/wikipedia/commons/0/05/Lambang_Kabupaten_Halmahera_Timur.png
8207,Kabupaten Pulau Morotai,https://upload.wikimedia.org/wikipedia/commons/5/5a/Lambang_Kabupaten_Pulau_Morotai.png
8208,Kabupaten Pulau Taliabu,https://upload.wikimedia.org/wikipedia/commons/6/69/LOGO_KABUPATEN_PULAU_TALIABU.png
8271,Kota Ternate,https://upload.wikimedia.org/wikipedia/commons/7/75/Lambang_Kota_Ternate.png
8272,Kota Tidore Kepulauan,https://upload.wikimedia.org/wikipedia/commons/b/b5/Lambang_Kota_Tidore_Kepulauan.png
9103,Kabupaten Jayapura,https://upload.wikimedia.org/wikipedia/commons/2/23/Lambang_Kota_Jayapura.jpeg
9105,Kabupaten Kepulauan Yapen,https://upload.wikimedia.org/wikipedia/commons/3/3e/Lambang_Kabupaten_Kepulauan_Yapen%2C_Papua.jpg
9106,Kabupaten Biak Numfor,https://upload.wikimedia.org/wikipedia/commons/3/37/Lambang_Kabupaten_Biak_Numfor.png
9110,Kabupaten Sarmi,https://upload.wikimedia.org/wikipedia/commons/d/db/Lambang_Kabupaten_Sarmi.png
9111,Kabupaten Keerom,https://upload.wikimedia.org/wikipedia/commons/f/f8/Lambang_Kabupaten_Keerom.jpeg
9115,Kabupaten Waropen,https://upload.wikimedia.org/wikipedia/commons/9/98/Lambang_Kabupaten_Waropen%2C_Papua.jpg
9119,Kabupaten Supiori,https://upload.wikimedia.org/wikipedia/commons/1/1b/Lambang_Kabupaten_Supiori.png
9120,Kabupaten Mamberamo Raya,https://upload.wikimedia.org/wikipedia/commons/4/4d/Lambang_Kabupaten_Mamberamo_Raya%2C_Papua.jpg
9171,Kota Jayapura,https://upload.wikimedia.org/wikipedia/commons/2/23/Lambang_Kota_Jayapura.jpeg
9202,Kabupaten Manokwari,https://upload.wikimedia.org/wikipedia/commons/9/9b/Lambang_Kabupaten_Manokwari.png
9203,Kabupaten Fak Fak,https://upload.wikimedia.org/wikipedia/commons/f/fa/Lambang_Fakfak_Lama.gif
9206,Kabupaten Teluk Bintuni,https://upload.wikimedia.org/wikipedia/commons/c/c0/Lambang_Kabupaten_Teluk_Bintuni.tif
9207,Kabupaten Teluk Wondama,https://upload.wikimedia.org/wikipedia/commons/0/01/Lambang_Kabupaten_Teluk_Wondama.png
9208,Kabupaten Kaimana,https://upload.wikimedia.org/wikipedia/commons/8/8c/Lambang_Kabupaten_Kaimana.jpg
9211,Kabupaten Manokwari Selatan,https://upload.wikimedia.org/wikipedia/commons/2/21/Lambang_Kabupaten_Manokwari_Selatan.png
9212,Kabupaten Pegunungan Arfak,https://upload.wikimedia.org/wikipedia/commons/f/f1/Lambang_Kabupaten_Pegaf.jpg
9301,Kabupaten Merauke,https://upload.wikimedia.org/wikipedia/id/2/2b/Lambang_Kabupaten_Merauke.jpg
9302,Kabupaten Boven Digoel,https://upload.wikimedia.org/wikipedia/commons/f/f2/Logo_BOVENDIGOEL.jpg
9303,Kabupaten Mappi,https://upload.wikimedia.org/wikipedia/commons/e/e4/Lambang_Kabupaten_Mappi.png
9304,Kabupaten Asmat,https://upload.wikimedia.org/wikipedia/commons/e/e0/Lambang_Kabupaten_Asmat.jpeg
9401,Kabupaten Nabire,https://upload.wikimedia.org/wikipedia/commons/a/a0/Lambang_kabupaten_nabire.jpg
9402,Kabupaten Puncak Jaya,https://upload.wikimedia.org/wikipedia/commons/8/83/Lambang_Kabupaten_Puncak_Jaya.png
9403,Kabupaten Paniai,https://upload.wikimedia.org/wikipedia/commons/4/45/Lambang_Kabupaten_Paniai.jpg
9404,Kabupaten Mimika,https://upload.wikimedia.org/wikipedia/commons/1/10/Lambang_Kabupaten_Mimika.jpg
9405,Kabupaten Puncak,https://upload.wikimedia.org/wikipedia/commons/9/91/Lambang_Kabupaten_Puncak.webp
9406,Kabupaten Dogiyai,https://upload.wikimedia.org/wikipedia/commons/8/8e/Lambang_Kabupaten_Dogiyai.gif
9407,Kabupaten Intan Jaya,https://upload.wikimedia.org/wikipedia/commons/6/6d/Lambang_Kabupaten_Intan_Jaya.png
9408,Kabupaten Deiyai,https://upload.wikimedia.org/wikipedia/commons/d/dc/Lambang_Kabupaten_Deiyai.png
9501,Kabupaten Jayawijaya,https://upload.wikimedia.org/wikipedia/commons/7/74/Lambang_Kabupaten_Jayawijaya_Lama.png
9502,Kabupaten Pegunungan Bintang,https://upload.wikimedia.org/wikipedia/commons/3/3b/Lambang_Kabupaten_Pegunungan_Bintang.webp
9503,Kabupaten Yahukimo,https://upload.wikimedia.org/wikipedia/commons/a/a1/Lambang_Kabupaten_Yahukimo.png
9504,Kabupaten Tolikara,https://upload.wikimedia.org/wikipedia/commons/0/06/Lambang_Kabupaten_Tolikara.tif
9505,Kabupaten Mamberamo Tengah,https://upload.wikimedia.org/wikipedia/commons/1/11/Lambang_Kabupaten_Mamberamo_Tengah.webp
9506,Kabupaten Yalimo,https://upload.wikimedia.org/wikipedia/commons/1/19/Lambang_Kabupaten_Yalimo.png
9507,Kabupaten Lanny Jaya,https://upload.wikimedia.org/wikipedia/commons/9/97/Lambang_Kabupaten_Lanny_Jaya%2C_Papua.jpg
9508,Kabupaten Nduga,https://upload.wikimedia.org/wikipedia/commons/6/68/Lambang_Kabupaten_Nduga.png
9601,Kabupaten Sorong,https://upload.wikimedia.org/wikipedia/commons/9/92/Lambang_Kota_Sorong.png
9602,Kabupaten Sorong Selatan,https://upload.wikimedia.org/wikipedia/commons/6/67/Lambang_Kabupaten_Sorong_Selatan.jpeg
9603,Kabupaten Raja Ampat,https://upload.wikimedia.org/wikipedia/commons/4/49/Lambang_Kabupaten_Raja_Ampat%2C_Papua_Barat.gif
9604,Kabupaten Tambrauw,https://upload.wikimedia.org/wikipedia/commons/b/be/Lambang_Kabupaten_Tambrauw%2C_Papua_Barat.png
9605,Kabupaten Maybrat,https://upload.wikimedia.org/wikipedia/commons/7/72/Lambang_Kabupaten_Maybrat%2C_Papua_Barat.jpg
9671,Kota Sorong,https://upload.wikimedia.org/wikipedia/commons/9/92/Lambang_Kota_Sorong.png
